	"_3,4-dihydroxyphenylacetate 2,3-dioxygenase_"	"_4-hydroxyphenylacetate 3-monooxygenase, oxygenase component_"	"_4-hydroxyphenylacetate 3-monooxygenase, reductase component_"	"_4-hydroxyphenylacetate degradation bifunctional isomerase/decarboxylase, C-terminal subunit_"	"_4-hydroxyphenylacetate degradation bifunctional isomerase/decarboxylase, N-terminal subunit_"	"_acetolactate synthase, catabolic_"	"_acetolactate synthase, large subunit, biosynthetic type_"	"_acetolactate synthase, small subunit_"	"_acetyl-CoA carboxylase, biotin carboxyl carrier protein_"	"_acetyl-CoA carboxylase, biotin carboxylase subunit_"	"_acetyl-CoA carboxylase, carboxyl transferase, alpha subunit_"	"_acetyl-CoA carboxylase, carboxyl transferase, beta subunit_"	aconitate_hydratase_mitochondrial	acyl_CoA_thioester_hydrolase_YbgC_YbaW_family	alpha_L_glutamate_ligase_RimK_family	glutamate_synthase_NADPH_homotetrameric	glutamate_synthase_NADH_NADPH_small_subunit	glutamate_synthase_small_subunit	glutamate_1_semialdehyde_2_1_aminomutase	glutamine_synthetase_type_I	"_glutaredoxin, GrxA family_"	"_glutaredoxin, GrxB family_"	glyceraldehyde_3_phosphate_dehydrogenase_type_I	"_GMP synthase (glutamine-hydrolyzing), C-terminal domain_"	"_GMP synthase (glutamine-hydrolyzing), N-terminal domain_"	imidazole_glycerol_phosphate_synthase_glutamine_amidotransferase_subunit	indolepyruvate_ferredoxin_oxidoreductase_alpha_subunit	indolepyruvate_ferredoxin_oxidoreductase_beta_subunit	phenylacetate_CoA_oxygenase_PaaG_subunit	phenylacetate_CoA_oxygenase_PaaH_subunit	phenylacetate_CoA_oxygenase_PaaI_subunit	phenylacetate_CoA_oxygenase_PaaJ_subunit	phenylacetate_CoA_oxygenase_reductase_PaaK_subunit	"_protein-(glutamine-N5) methyltransferase, release factor-specific_"	"_protein-(glutamine-N5) methyltransferase, ribosomal protein L3-specific_"	tryptophan_synthase_alpha_subunit_	tryptophan_synthase_beta_subunit_	4-hydroxyphenylacetate catabolism regulatory protein HpaA	4-hydroxyphenylacetate permease	5-methyltetrahydropteroyltriglutamate--homocysteine S-methyltransferase	acetylglutamate kinase	anthranilate_phosphoribosyltransferase	anthranilate_synthase_component_I	asparagine synthase (glutamine-hydrolyzing)	coenzyme F420-0:L-glutamate ligase	glutamate 5-kinase	glutamate decarboxylase	glutamate formiminotransferase	glutamate N-acetyltransferase/amino-acid acetyltransferase	glutamate racemase	glutamate--cysteine ligase	glutamate--cysteine ligase/glutathione synthase	glutamate--tRNA ligase	glutamate-5-semialdehyde dehydrogenase	glutamate:gamma-aminobutyrate antiporter	glutaminase A	glutamine_amidotransferase_anthranilate_synthase_aminodeoxychorismate_synthase	glutamine--tRNA ligase	glutamine-fructose-6-phosphate transaminase (isomerizing)	glutamyl aminopeptidase	glutamyl-queuosine tRNA(Asp) synthetase	glutamyl-tRNA reductase	glutaredoxin 3	glutaredoxin-like protein	glutaredoxin-like protein NrdH	glutathione synthase	glutathione-disulfide reductase	Ni_specific_regulatory_protein	nif11_like_leader_peptide_domain	nitrate_reductase_molybdenum_cofactor_assembly_chaperone	nitrite_transporter	nitrogen_regulation_protein_N_I	nitrogenase_cofactor_biosynthesis_protein_NifB	nitrogenase_iron_protein	nitrogenase_MoFe_cofactor_biosynthesis_protein_NifE	nitrogenase_molybdenum_iron_protein_alpha_chain	NOL1/NOP2/sun family putative RNA methylase	non-ribosomal peptide synthetase terminal domain of unknown function	nrdI protein	nucleoid occlusion protein	nucleoside transporter	nucleoside triphosphatase YtkD	nucleotide sugar dehydrogenase	NusG_family_protein	phenylacetate_degradation_probable_enoyl_CoA_hydratase_PaaB	phenylacetate_CoA_ligase	phenylacetic_acid_degradation_operon_negative_regulatory_protein_PaaX	phenylacetic_acid_degradation_protein_PaaD	phenylacetic_acid_degradation_protein_paaN	phenylacetic_acid_degradation_protein_PaaY	poly_gamma_glutamate_biosynthesis_protein_PgsC	poly_gamma_glutamate_synthase_PgsB	poly_gamma_glutamate_system_protein	putative_glutamate_gamma_aminobutyrate_antiporter	sodium_glutamate_symporter	succinylglutamate_desuccinylase	succinylglutamate_semialdehyde_dehydrogenase	tryptophan_tRNA_ligase	UDP-N-acetylmuramoylalanine--D-glutamate ligase	protein_RecA	glycosyltransferase_WecB_TagA_CpsF_family	Holliday_junction_DNA_helicase_RuvA	Holliday_junction_DNA_helicase_RuvB	DNA_binding_regulatory_protein_YebC_PmpR_family	repressor_LexA	transcription_termination_factor_NusA	transcription_termination_antitermination_factor_NusG	chorismate_mutase	chorismate_synthase	isochorismate_synthase	aminodeoxychorismate_lyase	shikimate_dehydrogenase	shikimate_5_dehydrogenase	phosphoshikimate_1_carboxyvinyltransferase	membrane_bound_PQQ_dependent_dehydrogenase_glucose_quinate_shikimate_family	deoxy_7_phosphoheptulonate_synthase
d07ctrl031	233	162	81	1	191	997	60115	21264	12978	39874	21511	30037	1	7921	3757	39756	30846	4629	18663	23885	395	592	36324	53418	5884	23049	13718	8	174	28	95	64	150	34984	633	10228	14796	120	232	6063	27144	12485	7235	88775	301	25741	3814	1481	37167	35109	2182	1332	61326	35991	1623	3420	7027	45396	65231	612	14207	15002	689	25	1123	1495	2966	213	117	1655	2657	2228	1	1	1	1	17041	286	1577	3339	4502	82	42789	14	66	102	58	14	118	392	77	276	101	6	4004	315	473	46609	50158	47839	16270	20099	33543	26159	24757	48781	22744	7420	37846	1767	629	15268	38	36384	2450	66421
d07ctrl032	99	73	66	1	136	784	50891	17268	10836	26911	18712	25068	1	8614	2497	36319	24215	1549	10513	17738	183	266	31166	42237	5449	19755	12513	27	49	12	32	20	70	29316	261	8858	11866	67	152	2825	20409	9518	6013	102081	124	21212	1818	1048	28536	27286	842	770	52149	30257	771	2376	5245	41623	57600	293	11098	8365	290	8	430	454	1096	79	35	574	1146	849	1	1	1	1	13917	27	1127	3263	1677	16	48560	94	53	64	35	21	46	162	38	50	29	53	1861	114	216	36710	42744	38323	16656	17307	29098	22438	18563	41565	18028	8036	28356	1087	281	14415	10	28617	892	50055
d07ctrl033	12	20	5	9	43	400	50721	24875	18714	46162	33455	33353	1	14283	9296	43676	21002	1231	10201	18056	136	166	50103	69360	11812	23843	14973	12	20	16	39	1	9	53160	227	7735	20549	24	88	1620	28605	10336	7270	74204	279	27009	1598	2587	38247	34908	854	550	89978	34853	734	1818	4607	55306	116862	43	7852	9340	223	16	225	456	990	31	602	524	1001	749	1	1	1	1	16228	1	1093	1518	1843	1	92565	2571	20	9	5	9	1	193	9	32	9	226	1568	133	117	60241	82901	72838	19126	32690	56000	41311	30098	79395	28851	7734	33369	629	320	12177	1	27121	892	60106
d07ctrl034	15	11	1	1	4	458	52202	17524	8827	22786	21286	26316	1	7489	728	43844	28679	130	6259	13980	29	46	26670	45195	5405	23876	12071	1	1	1	4	1	22	29424	18	8304	12787	11	25	234	20462	10185	5858	149238	144	19815	548	751	30095	26319	57	304	53282	30700	164	1188	5491	39619	62040	63	17676	5346	25	1	67	57	49	1	11	35	71	60	1	1	1	1	9900	4	1007	2470	129	1	50349	1	1	8	1	8	8	18	8	1	8	1	945	63	18	37983	46294	39376	17501	18106	28898	23263	14161	42230	18441	4404	29106	151	60	13748	1	31438	18	56777
d07ctrl035	320	261	219	1	314	336	68206	19628	15125	40483	28481	33122	1	11056	3083	63288	23838	4522	15105	23568	415	681	44460	67930	4518	35518	14896	1	362	33	150	118	421	44379	756	8639	12859	219	362	3417	26206	11734	5830	166556	787	34244	2950	1089	39672	43716	2498	474	79511	52963	1983	4422	6106	66491	95943	134	27631	14059	527	1	379	1196	2371	144	91	1818	3624	1977	1	1	1	1	13780	1	1611	2432	4325	1	56789	17	182	203	213	166	144	607	12	102	75	49	3458	415	638	58107	70501	61426	19287	26684	47143	36337	26138	62758	28245	12116	46809	1743	1016	12285	1	50954	2015	89179
d07ctrl036	25	15	4	1	15	192	58413	26183	11628	39650	25554	28757	1	11973	13773	40737	26086	491	11414	18764	43	64	46878	54961	10905	26927	15004	15	15	1	11	1	1	48766	73	10914	17527	8	29	693	31855	11833	6661	86492	272	27205	692	4856	43069	35432	227	133	84152	39806	314	2229	7752	67065	106017	77	7389	8590	57	1	178	164	293	8	358	119	362	279	1	1	1	1	23412	11	508	804	459	4	68409	2827	1	8	29	8	14	43	67	70	202	15	1132	50	71	59766	66134	63944	18528	29875	45881	31706	32326	72670	28018	8343	40248	279	60	14243	11	34624	303	66183
d07ctrl037	20	16	6	1	1	864	64964	28449	14441	46324	31778	32842	1	12628	3941	47107	33572	93	14145	26857	16	20	40949	61811	10454	27896	17023	1	26	1	1	1	6	43501	54	14161	20580	1	30	2043	32035	17071	9878	84766	64	31457	1516	3995	42892	41659	64	576	82596	47156	650	2064	9178	66128	115434	113	10189	16051	25	1	384	35	112	20	218	132	54	118	1	1	1	1	26846	1	1614	3436	83	11	69052	465	20	1	11	1	1	21	16	88	78	11	1057	16	11	53890	71300	61276	13355	27619	41480	34319	28066	66913	28261	7735	48488	296	40	17411	11	42352	40	78906
d07ctrl038	107	110	46	1	164	1236	72392	22601	13576	30376	22352	28266	1	8657	2249	42854	33230	5810	14401	32556	635	910	38038	53679	6526	25040	11368	1	39	13	35	12	76	38924	1099	14851	26992	92	265	9190	25927	19770	9329	106741	304	30371	4061	1236	31402	35745	3260	1396	73451	39907	2106	4719	11520	44635	85364	642	13941	12844	1061	5	508	2094	3963	58	5	2921	5082	3445	1	1	1	1	17924	31	5015	3115	7132	9	71260	12	12	84	62	9	32	752	24	47	1	39	5320	646	1004	50729	58122	51890	15221	23584	41047	28089	24675	55876	24873	14576	37592	2155	1136	16525	9	35119	2985	80049
d07ctrl039	20	27	4	1	49	242	47465	22679	14769	44200	29640	30140	1	13012	10720	38815	20721	233	12099	17707	14	53	51569	59120	11998	23450	14432	1	7	1	7	1	7	51927	46	6049	16150	4	17	906	28537	6981	2984	79795	91	24208	1071	3777	38009	32540	149	229	83995	31208	255	2192	4286	65020	107057	42	7290	9305	20	1	159	111	194	1	168	72	271	123	1	1	1	1	20880	1	941	2047	632	7	77810	1760	14	36	7	1	1	23	36	39	65	345	472	20	43	61717	86407	67596	16184	32849	52428	35021	34373	71564	29366	5730	38996	230	36	8550	1	33290	139	63700
d07ctrl040	137	110	17	1	200	402	61235	25421	11622	36521	21273	26151	1	8946	19815	39600	27377	3538	9177	19577	375	543	51422	51134	11586	22229	15584	1	17	32	20	9	52	49146	668	10672	16665	110	154	2999	30705	12849	8360	72321	353	27765	3048	3432	39417	30459	1803	1226	89384	37168	1557	3134	7522	61664	91933	184	5994	8097	411	5	488	1023	1683	95	49	1397	2489	1444	1	1	1	1	22051	1	1172	2464	4057	1	71898	6014	32	98	44	56	25	379	1	1	5	535	2110	415	422	60934	58903	60777	12671	30130	42842	29260	24104	79059	23511	8063	42846	1133	594	17108	1	40123	1638	66175
d07sub041	76	30	58	1	70	25	69024	24617	11737	33026	24211	31279	1	8845	1790	53427	38418	3766	12996	24834	431	643	31526	52209	7807	30121	10963	1	150	21	113	53	139	35300	657	11082	16028	50	44	3078	29354	16501	15358	140245	924	26633	2479	2433	38635	35137	2057	119	61797	42834	1524	4072	6295	58066	70163	7	19081	11687	486	7	227	1173	1616	18	27	1690	3196	2120	1	1	1	1	16726	24	726	1241	4166	4	66107	21	130	102	93	24	82	509	1	21	1	7	2815	508	529	45313	52748	47988	19076	19538	35554	28959	17001	49890	20987	7599	35574	1269	724	15028	1	39739	1948	74193
d07sub042	112	66	21	1	132	66	59402	20711	11289	31448	22257	24095	1	8406	2787	38693	27369	5933	11718	21221	703	983	29262	43132	6075	22687	11047	1	216	73	92	53	164	27202	1231	11176	13316	112	118	4365	24807	15243	10370	86318	762	23416	3964	1903	30643	30458	3207	151	51766	33239	2544	4843	7215	46145	59184	40	10744	13011	801	14	418	1932	2739	8	80	2726	5113	3104	1	1	1	1	17056	14	1616	2429	6751	1	63532	34	105	138	106	53	100	671	1	8	1	21	4217	736	814	35149	41356	40355	11783	16546	28209	22941	17771	39318	17757	9907	27905	2231	1406	14683	8	29925	2837	58463
d07sub043	702	602	341	1	754	49	58014	20174	9507	24412	22715	15360	1	8945	1470	33194	30340	4254	13509	24603	550	778	22326	28427	13189	18006	8654	1	518	141	309	229	618	20686	785	14189	17517	441	1058	2648	17148	21973	18110	73926	117	19100	2476	5674	23553	25381	2251	982	39159	28768	1711	2879	5865	38075	51805	57	8149	12635	574	9	265	1635	1995	1	9	1450	2989	2319	1	1	1	1	24448	1	981	1950	4269	1	46897	1	409	518	509	249	337	449	1	21	1	33	3156	562	498	36193	34065	27953	7515	14528	22232	19711	13526	32311	14644	8880	29105	1174	1122	19550	5	28162	1955	55583
d07sub044	19	33	1	1	10	106	83710	32151	14262	40261	29904	31978	1	12257	1655	52175	44401	474	17427	26363	96	67	34641	50727	18610	28807	23368	18	19	4	4	4	19	40081	100	18591	24917	1	18	443	32180	24975	23448	120535	7	30007	569	5198	41144	38380	307	223	65006	44562	286	2484	9240	62611	76706	7	11816	14829	56	1	78	122	331	13	47	258	394	241	1	1	1	1	27792	13	417	1319	540	4	76630	1	53	4	30	7	21	70	10	21	7	1	1455	70	93	53414	59447	51558	14551	23480	37442	30472	22964	54672	23897	8087	46444	175	105	27930	7	45627	189	78867
d07sub046	32	10	3	1	10	22	73658	29178	16299	45574	25605	43120	1	12355	3657	53803	38529	209	9885	21316	44	29	41597	66774	12633	27290	31665	3	15	1	13	5	8	40063	42	16124	21211	6	12	1085	28133	19284	18376	122309	157	29221	412	1251	40551	39944	152	433	69495	44383	162	2910	9824	56449	88966	6	12633	8477	25	1	111	88	109	195	178	113	183	113	1	1	1	1	18937	6	390	1855	301	1	70589	1	1	24	1	8	13	53	46	112	6	1	3829	55	22	52672	62003	58410	15781	25131	41996	35146	26449	59362	26263	7485	40438	577	44	20740	6	42016	109	76801
d07sub047	104	44	44	1	101	223	68038	30250	15575	53977	35416	36350	1	12587	3938	50498	42130	1167	12740	25832	121	158	38780	65516	10200	28374	24394	47	87	12	32	47	92	38903	158	14230	18636	64	87	1133	31124	17131	17802	102599	7	30942	898	3090	42571	41706	492	201	75669	45638	497	2621	8329	64072	83364	24	9913	12032	132	1	165	229	489	35	122	479	742	669	1	1	1	1	27608	24	907	2110	1145	1	79224	12	52	52	41	49	50	98	81	187	1	1	958	181	132	57431	64363	57478	18858	28540	42458	36138	24468	60973	24758	10008	45827	371	201	22379	21	44586	583	82293
d07sub048	448	376	153	1	443	520	94034	32024	17096	44357	25020	41252	1	13303	4018	50122	37245	8819	14166	32244	1159	1623	40430	56776	16625	26038	22627	5	475	50	309	185	407	40367	1548	21217	24212	287	734	6629	28694	23607	22250	136816	1	32821	6017	3375	33550	43477	4614	471	66644	44799	3237	5534	11161	63798	86974	139	11128	15762	1369	23	846	2638	3965	1	55	4169	7510	3974	1	1	1	1	27871	336	2452	4925	9958	37	70062	1	256	493	345	189	310	949	41	54	19	37	5574	913	1387	54484	57164	50435	19019	23143	36265	32517	24623	57137	25982	17819	44327	3017	1937	35981	46	46958	4591	80725
d07sub049	438	694	376	1	597	29	34049	14517	11699	16701	11475	15103	1	7818	1432	19801	17561	4732	6278	20765	648	864	12902	28259	2072	9075	16827	1	455	81	194	205	330	13432	1069	10835	11882	444	836	3113	12341	15057	7498	20686	63	13541	2415	988	19088	17807	2403	18	25616	19496	1528	4453	8711	26046	34969	47	2433	4595	541	1	228	1597	2261	7	12	1829	3607	2573	1	1	1	1	14450	1	621	633	4738	1	42646	1	245	291	285	120	160	540	7	7	41	1	5941	472	597	21574	24258	23637	4999	9106	13795	14247	11461	22988	9195	14500	19860	1228	944	13691	1	20886	1738	40089
d07sub050	147	179	69	1	110	825	77314	28967	15444	44910	28410	36097	1	11370	2398	50696	35878	2619	13893	24983	365	433	42102	60021	11693	29045	21548	15	183	33	133	79	301	37975	452	14206	17623	110	187	2790	30263	15621	15216	131587	105	30354	2096	3230	41521	39871	1316	666	71688	46813	1079	4321	7985	63926	76996	110	11600	14204	356	6	394	816	1679	33	88	994	1827	1616	1	1	1	1	27369	274	2171	4344	2681	52	66830	1	42	69	97	51	165	261	28	65	6	128	2332	228	452	55059	62148	52469	19738	23284	39129	33552	24818	58788	25630	8880	45072	1275	429	24543	65	45503	1407	78446
d07ther051	54	23	9	1	54	19	93743	35130	18756	44692	22932	39923	1	14173	7427	52953	46742	949	18916	36392	104	118	37226	56337	22943	23638	33230	4	37	9	48	12	109	50512	152	23946	29775	26	76	1042	31576	28507	31989	93709	1	33896	740	3587	37696	37748	546	132	67837	39547	260	2126	13024	70991	78173	21	1572	16530	207	1	59	251	441	23	101	330	724	605	1	1	1	1	31011	12	573	705	986	1	46253	1	48	65	42	7	32	85	65	157	1	12	1509	84	98	58738	57992	51815	10464	25615	35995	33955	29992	60308	23351	12288	47025	300	157	44154	4	48793	393	84943
d07ther052	146	122	73	1	186	235	79788	30083	17756	46395	27670	33873	1	15319	4034	47267	42189	3495	21633	39245	361	630	38102	57457	13326	22277	23755	1	312	33	147	68	174	41875	723	21001	28797	97	302	3017	29105	28244	22586	87994	16	32663	2537	4068	40427	39359	1865	198	64175	41073	1276	3747	12058	64288	82991	67	3873	20186	472	6	217	940	1673	33	123	1305	2667	1836	1	1	1	1	27661	55	1694	2317	3938	1	68043	11	169	215	130	87	102	455	80	124	6	11	4869	396	445	53840	57306	50998	12304	23876	36573	32705	26786	58340	24713	16525	43472	1213	679	30597	3	42417	1930	82424
d07ther053	62	45	25	1	52	133	90942	32790	17254	45203	26848	40370	1	14901	2476	49425	44807	1178	22336	39591	136	197	35944	59156	15837	23301	35301	28	102	8	31	21	62	40145	227	24595	29504	45	91	1134	29713	32171	28391	100846	1	32129	1063	2747	40894	38517	608	153	60122	44635	423	2528	12317	67448	81661	128	6707	18210	180	8	102	429	615	8	443	483	881	583	1	1	1	1	25145	21	489	989	1424	7	60413	1	55	119	52	25	85	183	61	210	11	4	2333	160	153	53754	59211	53089	10379	22858	37409	31165	28238	54492	24181	13718	44297	462	183	33922	1	43358	621	82870
d07ther054	349	349	175	1	326	63	88134	24081	15243	42506	31110	28300	1	17038	2726	54681	25260	6154	15711	40168	705	1157	43468	60194	6092	25358	20202	40	353	55	199	125	322	40901	1188	12758	17181	260	659	4724	29746	16735	15068	107720	723	34036	3558	3109	51688	40622	2985	315	64634	51734	1911	5333	8182	66295	76647	20	9360	16349	759	1	310	2077	2761	2699	202	2402	4558	2791	1	1	1	1	25676	9	1703	2435	6790	1	56535	1	299	422	229	94	164	666	51	187	13	1	8011	581	929	47675	58317	55037	18674	22477	38457	31076	31154	55027	25028	15021	43912	1976	1230	20081	1	48667	3031	83888
d07ther055	12	34	5	1	30	125	75310	30779	14409	40837	26373	36045	1	9313	5007	57479	47378	535	8209	21681	67	82	36781	58801	13325	30157	27860	52	16	5	12	27	56	47743	118	14047	18822	16	38	524	33958	15666	20003	149142	34	31123	382	2024	43419	36335	264	5	70082	44421	173	1673	8671	67137	82418	1	14531	7952	34	1	60	195	231	12	364	222	397	224	1	1	1	1	18225	1	707	1896	572	1	68172	1	23	41	38	19	20	19	30	111	16	1	1563	67	49	54399	60645	55025	14951	26811	41866	35005	22171	59565	24238	8421	43743	338	151	21776	1	47694	203	82168
d07ther056	33	38	16	14	75	57	77114	27195	12057	30542	21634	25015	1	13414	12687	42325	24912	1619	11515	29093	129	226	39894	55087	17118	24372	28339	23	105	33	37	27	103	55156	269	14195	22149	55	57	1349	32212	18110	12646	79131	10	29906	1129	4968	37876	29131	946	188	68411	35775	576	2683	10556	68392	68248	40	4571	12513	237	3	123	479	786	10	292	534	1054	762	1	10	1	1	16959	14	692	1214	1922	1	53172	18	31	73	42	20	35	166	145	165	446	16	1457	137	146	58816	61752	51703	15088	25413	36595	36737	35613	60299	25224	11456	46630	771	206	21263	1	44819	935	72022
d07ther057	45	33	8	1	8	51	68963	24484	11874	37183	22471	27992	1	12239	11684	41863	24437	574	9090	23846	96	80	49241	50969	16105	21813	20517	70	31	6	12	10	29	62814	138	10776	14188	11	61	653	28822	12659	11841	84528	3	29223	486	2459	34601	26608	345	86	74952	31680	306	1843	5942	68012	73194	10	4590	8618	96	1	41	172	278	19	238	268	629	278	1	13	1	1	16573	10	302	760	622	1	51961	1	19	24	36	6	11	96	50	61	36	1	2918	54	84	61420	66185	56348	12544	29473	40544	34749	32613	65306	29608	8244	44940	362	126	17568	3	43771	320	64284
d07ther058	1164	234	234	1	931	1	51864	17910	16980	31631	16283	25816	1	5817	931	35119	23956	9072	14423	22093	699	699	25815	35817	14188	17678	19304	1	1	1	466	1	931	22097	3723	8609	18375	1164	1396	4187	26981	14655	17677	91633	1	27443	4187	1397	23258	21399	3722	234	42564	31863	3490	3490	10004	39772	39538	1	8142	13491	1164	1	1	2559	1	1	1	3723	4886	2094	1	1	1	1	18374	1	2327	3257	7444	1	43958	1	1164	1396	1396	234	1	931	1	1	1	1	10465	1	1396	41164	32559	38140	11165	12096	23492	22098	18838	38841	14887	15350	28604	1861	1629	33958	1	25585	2792	64424
d07ther059	178	196	160	1	239	88	65385	26310	17942	32601	23669	29630	1	13486	1442	45128	36714	3944	19499	37372	489	810	29729	56528	4496	18411	18581	1	316	48	164	99	297	30883	820	19680	22290	193	301	2927	24957	25959	12078	61696	23	27937	2911	3535	37849	35308	2075	41	53138	39266	1544	4233	13739	58044	73374	16	5765	17165	626	1	204	1356	1818	1	135	1584	3105	1992	1	1	1	1	29340	15	815	1686	4438	1	72496	1	138	308	149	102	109	460	73	218	1	1	5099	438	579	43733	46919	44512	10052	19155	30332	27890	20757	46316	19989	20062	37597	1313	807	27214	8	37110	2039	78092
d07ther060	158	56	38	1	102	125	85080	25100	13599	43279	30326	28255	1	16536	2441	56817	28834	5514	20440	29483	614	977	43642	60456	5350	32148	13755	15	176	29	65	56	213	44875	995	9216	13845	135	143	4266	38080	14364	13810	125956	70	32703	3622	3059	54849	40623	3027	111	68871	51174	1784	4517	5409	68614	71385	10	10392	18281	853	1	244	1535	2604	687	61	2102	4303	2797	1	1	1	1	22375	1	1400	2258	6228	10	55267	1	130	208	143	79	98	816	65	171	1	10	4068	673	733	50901	63183	56186	18657	24511	41421	34901	31577	57187	25812	9865	39261	1737	959	14060	1	42527	2830	78659
d35ctrl091	60	10	1	1	7	2010	64394	25395	14160	39054	28853	36061	1	12127	5781	48210	36171	65	8524	28101	10	13	46459	64900	8325	29987	17583	1	60	7	57	36	75	53420	7	11428	16954	1	7	336	28597	14956	12193	159156	443	27562	814	1584	38893	36649	13	231	85816	38793	269	2588	7502	62948	103751	48	15289	7050	4	4	160	13	43	4	123	75	28	31	1	1	1	1	18949	275	2132	4512	99	7	71264	210	7	7	7	4	66	4	75	314	92	28	643	7	1	61366	84152	66510	25851	31703	51310	40853	31577	67321	27545	6134	38233	272	4	12468	45	38617	10	68112
d35ctrl092	45	30	6	8	38	492	68525	27538	12411	36195	25376	28935	1	12103	6870	42435	30154	92	7099	21678	13	40	41111	59508	10127	26867	23968	21	45	18	33	11	55	46203	20	12450	19446	18	23	366	29061	15775	11000	132716	132	25438	686	3128	38383	34136	40	308	77399	41943	190	2354	8387	63029	91263	23	9626	7964	28	18	59	21	72	21	351	55	52	45	1	11	1	1	19796	53	1126	2219	291	13	57144	60	21	23	3	6	55	6	32	153	114	239	632	11	1	57923	71340	57871	17234	29122	46402	36666	38206	62038	28387	7990	40860	170	6	15309	35	39809	32	68294
d35ctrl093	64	19	4	1	22	418	63441	24875	14890	40666	24476	32549	1	11755	4445	40717	31174	55	12069	30522	25	4	47925	62800	7343	24778	21135	37	88	10	28	40	58	50087	10	12393	18103	16	4	1088	25572	16380	9181	135259	295	26763	1221	2062	32920	37054	55	253	83748	36997	726	2468	7800	50221	95868	31	9625	9876	16	31	439	10	61	1	70	145	70	52	1	1	1	1	19758	277	2981	5399	109	13	68313	348	10	10	4	4	76	1	85	178	73	28	586	10	1	63860	76973	64366	23979	31905	49997	36283	37580	70848	29417	5742	34454	355	22	14726	37	33603	34	63457
d35ctrl094	49	12	16	1	38	419	69694	25935	14819	40363	27595	32411	1	13902	1712	40793	35990	123	10205	31118	23	41	39588	57121	7085	25473	19859	8	82	19	26	34	45	46104	8	13273	21489	12	26	1180	25748	17349	11007	141487	235	25262	645	2357	34256	35914	56	408	81428	37605	287	2047	9486	53834	99557	59	10728	10271	12	8	160	49	148	1	168	81	115	60	1	1	1	1	21862	159	2017	2592	111	30	70782	78	19	30	38	12	97	19	49	122	27	5	1101	19	1	57463	78846	61942	20364	29734	46415	35233	31235	66548	26443	8563	35161	148	34	16041	38	32461	78	68406
d35ctrl095	73	12	5	1	58	782	59459	24996	13191	38382	24471	28919	1	11216	5772	37608	29961	85	9466	30915	1	1	44910	65009	9288	24139	22838	9	16	9	12	16	70	45671	21	10946	16877	20	62	1360	27164	13318	8493	112273	249	26562	2035	2010	35127	38249	24	652	75848	37454	1280	2197	7032	54831	95007	28	8662	8543	24	28	759	16	70	1	285	149	24	50	1	1	1	1	16972	260	3894	6994	195	20	58500	100	5	20	35	5	85	13	123	324	263	138	577	20	9	57270	71143	59872	22654	29495	46369	36966	36294	63013	28730	6569	35026	463	20	12809	35	32848	47	61668
d35ctrl096	34	18	9	1	9	1216	62349	21393	12592	34011	27684	29329	1	12905	4148	40854	30580	41	8619	26590	12	7	42759	57541	5776	25637	15445	7	15	7	26	7	18	44910	1	10739	14092	43	34	577	24306	13693	7810	158209	383	23781	1091	2816	33326	35952	68	201	81836	36377	516	2161	7156	51013	96355	32	14275	8358	7	4	355	9	57	1	24	123	20	62	1	1	1	1	20858	62	2025	4096	73	4	65397	529	9	4	12	1	65	4	96	221	187	59	721	7	7	61654	76951	63572	23403	30362	47400	38172	32196	66199	27097	6652	34520	238	12	12597	4	33420	7	61893
d35ctrl097	73	61	1	1	34	844	63267	22749	13162	33065	27271	26406	1	11510	1869	47163	28854	362	11153	26379	57	140	43092	59084	7041	24354	20195	8	136	27	67	34	107	40036	44	10975	17949	8	48	1957	24090	14280	9999	143824	817	27933	2784	2753	30899	36395	207	210	68283	36827	449	3329	6899	49028	87412	31	13078	9118	37	11	364	111	236	84	40	200	174	160	1	1	1	1	16069	147	1842	2934	1957	21	60809	87	47	57	37	11	190	67	78	124	47	1817	2070	44	14	56099	66356	57296	18143	27033	45335	33706	26979	60162	25896	10171	36885	570	67	13654	47	34731	120	68925
d35ctrl098	26	1	1	1	1	1308	75133	29262	14509	41867	28254	32257	1	13948	6120	46268	36769	1	10056	31770	1	1	47583	63681	8171	26443	24942	26	31	1	31	1	71	42296	1	15516	22385	21	1	632	28748	19390	13979	136543	125	28879	1295	2685	38119	37367	16	140	85064	41292	721	2305	10229	59441	98520	6	9594	10564	11	1	542	1	36	1	191	105	21	1	1	1	1	1	22888	66	2189	4039	36	36	82590	1511	1	11	1	1	76	11	36	230	56	31	926	1	1	61136	69658	64188	25530	28880	45447	38285	30967	70500	27477	10546	37127	612	1	17287	16	37921	1	71712
d35ctrl099	44	17	1	5	9	612	57818	25251	13781	37923	24192	29713	1	12541	6770	40974	28882	17	8548	22902	1	1	46011	61427	11434	23794	23054	9	44	13	28	5	9	49747	9	10018	15110	1	1	1006	28065	11178	8188	119870	353	25540	1277	3583	34103	36551	1	161	85233	37313	322	2775	5620	58047	99014	48	8037	8397	1	28	306	1	21	9	302	100	29	17	1	13	1	1	16143	161	2005	3944	596	13	63691	474	9	13	1	1	75	1	56	166	134	541	542	1	1	62383	76654	64756	20253	32495	50508	38412	39432	70352	28862	6203	34061	416	1	13764	28	31673	5	58617
d35ctrl100	75	18	4	1	14	596	68457	27461	13323	37944	29359	29883	1	12240	5168	46288	37316	95	10375	30958	11	14	44887	66475	7884	27890	19410	24	84	21	61	34	115	44551	7	12495	18929	18	1	1194	30218	16323	12213	142241	75	29200	775	3192	40664	39965	55	343	84246	40377	409	2557	7906	63273	100898	8	12193	10693	8	18	243	4	68	1	215	91	54	28	1	14	1	1	20189	165	3014	4797	158	28	73478	802	1	11	21	8	112	25	35	92	104	50	537	18	1	59092	74121	62251	23238	29436	47591	39117	30556	68923	28117	9321	39434	289	28	14427	38	37820	27	72273
d35sub101	13	16	4	1	16	473	80077	30470	15981	41614	27927	37500	1	13821	5888	44451	39987	110	11626	32405	19	30	45632	64120	13068	25849	29967	16	10	4	28	19	22	40258	22	19326	26892	10	30	462	29019	23465	22860	126581	66	28584	565	1904	35255	39953	77	350	72666	40029	262	1887	11500	61543	88341	95	6922	11499	19	1	245	30	116	1	152	55	36	89	1	1	1	1	25711	39	850	1693	151	13	82142	1333	16	4	7	16	25	13	7	48	4	27	457	1	1	59122	59987	57117	21132	26349	40916	36831	29460	64560	23926	9356	36204	202	27	27013	7	36662	45	74368
d35sub102	35	33	13	15	3	691	66872	23612	10351	29294	20719	20306	1	18317	6900	46627	11145	165	11038	27855	29	59	54386	68188	3264	24966	16261	1	71	10	45	47	57	45931	40	11723	21722	20	27	2975	28972	11320	6883	90995	63	33771	19199	16795	24754	34576	154	221	80644	49151	345	12711	4051	53971	91498	54	3130	8000	10	15	466	33	164	242	325	104	136	56	1	10	1	1	10233	207	2721	6021	16714	18	75051	8	10	13	17	8	99	20	26	69	270	17996	1234	34	6	67708	74990	61139	24793	32567	53146	46138	31984	72129	30959	9773	38996	808	22	13622	47	41125	66	52172
d35sub103	74	40	22	1	87	658	68164	26049	14878	46371	32747	31606	1	13404	4724	49660	34729	180	9377	23339	14	27	42466	62940	8198	25539	22521	31	52	10	40	31	78	45697	52	11859	17021	31	27	537	27954	14713	12597	118916	576	27204	803	2270	37193	35947	74	551	76394	41251	408	2676	6658	60163	86231	130	11930	8199	22	53	313	70	267	1	83	36	65	49	1	1	1	1	22303	117	701	1579	416	22	64813	10	14	22	1	31	78	14	14	62	36	186	856	1	10	54524	71862	57051	20118	28858	45724	36154	29752	62004	26575	8985	40116	193	61	14014	44	40492	79	73410
d35sub104	63	32	1	1	9	264	68062	25726	12961	38671	25638	33422	1	11226	1606	43056	34375	132	8484	27194	16	1	34623	53767	7780	25203	24212	20	63	5	48	9	40	35165	1	14021	22442	1	9	431	24396	18363	13747	131446	13	25272	835	1573	31799	32550	56	407	57878	37292	376	1425	10099	46486	71688	51	12458	8480	9	1	302	40	129	9	63	55	9	20	1	1	1	1	21260	113	548	1368	172	20	65085	13	20	1	9	1	71	16	32	163	1	47	710	9	1	47965	60283	49172	22314	22750	36278	29841	23055	49864	21677	6540	33697	214	28	19089	44	35520	13	65239
d35sub105	131	6	1	1	18	603	76634	29429	14829	42228	27963	34810	1	12884	2817	46093	39765	21	12092	30154	3	3	40569	63019	11048	27151	28827	6	163	25	98	41	131	40513	1	17219	25362	1	3	464	27565	22614	18433	128737	115	28694	548	1936	36901	36373	10	243	65708	40585	218	2046	10783	57912	84774	28	9217	11230	6	68	197	1	38	1	128	120	3	8	1	1	1	1	23532	468	1010	2026	95	50	75966	73	1	6	6	1	251	11	48	60	25	96	800	1	1	53031	59055	53092	22503	24622	39433	33222	26002	57527	23462	6879	37070	389	1	24762	71	37974	3	75724
d35sub106	143	30	30	1	114	1403	66008	25462	13399	42702	28541	30576	1	11597	3317	42126	32647	682	11614	29470	76	143	38525	61197	7367	24156	21121	5	97	30	55	59	101	37946	131	13071	19574	22	39	754	25801	17402	12794	117328	231	26807	807	1280	34703	35581	423	737	69758	39703	649	1871	8767	47724	82905	110	9980	10334	105	1	155	231	556	1	43	156	302	206	1	1	1	1	22129	110	2420	4234	785	1	71051	1	89	126	76	64	69	72	1	1	1	68	987	59	43	51797	61919	54214	19390	25459	38227	31714	28407	54998	23845	10578	35812	352	160	15578	34	38541	235	69567
d35sub107	63	24	1	1	14	313	46678	21082	17644	50361	31157	37871	1	17635	15347	32795	23636	72	9696	22608	9	4	44915	63326	7555	15711	14475	42	21	6	26	14	50	44713	42	10635	14537	6	14	333	21703	13760	10873	80798	116	20832	536	945	27802	38301	44	248	97806	25988	241	1627	6536	43556	100796	35	3861	9118	27	16	181	47	86	1	56	76	24	72	1	1	1	1	18003	100	985	1771	83	14	78768	4011	4	1	14	1	72	16	44	110	14	47	437	6	1	67541	62598	67252	10316	35995	51334	41382	31970	84389	25182	6982	25870	220	6	13839	24	25526	1	50985
d35sub108	95	54	24	1	77	255	59383	23212	16000	46471	33094	31896	1	14652	10393	38941	29226	400	9833	22768	57	62	49190	60397	7279	21454	18611	42	67	17	52	31	112	45697	128	11593	17317	49	67	868	23181	14831	12251	101700	72	23756	1442	1401	30051	36438	283	323	81675	33092	392	2164	7262	45941	93502	82	8666	8796	70	6	140	192	326	1	27	142	184	212	1	1	1	1	15114	82	978	1353	1113	22	78471	1999	75	102	57	19	78	69	82	108	9	755	1065	80	6	62597	62745	61864	15387	31187	50630	36534	29594	68535	26421	9004	28242	392	125	13215	9	29945	212	59189
d35sub109	55	1	8	1	11	264	48530	20991	14987	38388	25342	27680	1	14359	16691	30082	21388	49	8199	20416	18	8	50539	50506	10680	15578	18137	4	42	18	45	15	45	44801	8	10010	15592	1	1	555	20619	13739	11016	80871	98	20533	580	1503	26619	32126	18	662	90967	26343	191	1278	6264	43305	99560	25	3787	8399	8	25	126	4	102	1	213	65	56	11	1	11	1	1	18226	245	1627	2668	89	38	83561	4058	28	8	8	1	89	15	32	66	38	45	565	8	1	64458	66855	64573	14958	32948	49543	35036	34972	79221	24216	6238	24338	272	31	15835	72	24754	8	47926
d35sub110	26	46	38	1	92	166	46959	15058	9819	26282	19131	18594	1	10488	4357	31775	10661	138	7850	16745	30	59	35312	49665	3956	17733	14360	9	26	5	13	30	42	34994	38	6630	14593	67	75	1186	19449	8104	3641	68884	129	20879	1634	2538	28535	20345	104	282	52939	26900	159	2154	4515	37650	57591	133	5320	6248	9	1	50	46	175	96	170	71	104	17	1	5	1	1	14939	51	545	1741	1377	1	31856	9	18	26	9	34	34	22	13	17	21	1609	730	5	1	40717	57668	40179	13760	19313	31174	26203	26324	43935	19818	5112	25846	671	38	7796	9	26063	30	44872
d35ther111	1372	1422	725	1	1575	6084	54495	21698	15086	39888	32214	25748	1	12214	2483	45459	24828	7227	17216	30431	957	1609	40004	56581	8276	22253	9418	8	940	191	602	388	922	35991	1212	12994	19139	1201	1141	5172	23388	18401	11702	113237	583	32270	3607	4340	27906	38581	3506	7771	64273	41147	2661	5705	8428	46192	77500	4183	13549	18542	923	11	564	2187	6988	42	7	2044	4119	2552	1	1	1	1	24553	100	4045	5088	7972	28	58744	1	838	1215	790	382	549	742	28	103	1	72	10557	854	402	50442	52253	49535	15781	22442	35890	31577	21340	53388	24538	18383	39302	4434	1524	21341	18	38937	1630	82058
d35ther112	154	39	18	1	64	394	72558	30418	14955	43342	25054	37517	1	12533	5163	44583	39267	206	12569	22650	25	36	44069	54880	15099	25635	22877	8	112	28	64	25	133	45028	29	16811	22492	18	15	596	28543	13909	21078	117419	101	29388	951	1561	34181	37255	109	735	70124	39160	157	2464	10447	61636	82511	105	5790	12703	57	64	208	109	271	1	25	151	70	53	1	1	1	1	23493	411	1062	1588	217	46	60186	474	43	57	32	8	213	25	39	130	1	8	655	1	11	54957	59483	52886	24242	27234	40829	35673	29377	56616	24640	7276	37571	524	15	31119	112	38729	50	68903
d35ther113	5	40	36	1	32	106	89340	31550	18206	46322	46572	22591	1	16708	2827	43611	37327	241	8857	41803	19	14	40710	66073	8019	25403	36978	19	58	1	41	23	71	43126	36	18714	28391	89	102	938	30752	24004	23070	90966	62	33010	521	5195	44268	41970	93	579	67827	45904	203	1980	14484	58565	86503	36	4313	11293	14	1	198	62	154	5	167	111	85	111	1	10	1	1	28938	102	1463	2599	333	45	78036	14	19	53	93	14	89	41	14	27	32	119	1500	5	5	54913	59375	55177	10160	24782	37833	34539	31394	56888	25060	20746	43935	198	67	15166	27	40462	37	88810
d35ther114	49	3	34	1	15	563	80349	30130	17057	48566	25858	34129	1	13356	16666	43021	32245	83	13308	28738	25	25	62332	62096	8894	18167	23016	13	58	27	15	18	78	39337	20	15725	21864	6	20	521	26125	20491	14289	91687	18	29530	340	1750	36256	35765	58	1354	92243	39306	82	2306	10847	53471	100409	54	7783	12981	30	15	200	49	158	3	63	89	68	44	1	1	1	1	22768	125	918	2400	105	44	87794	5048	15	24	15	11	134	49	13	58	1	6	856	6	1	70088	59670	69728	11017	30509	46782	39148	35278	81261	25575	9535	33445	390	39	17745	46	31407	27	71414
d35ther115	83	99	7	1	74	1525	83580	28626	16224	46958	29739	32801	1	12533	6622	43495	32248	226	14110	31858	29	108	44709	68084	8840	27089	30115	14	213	49	134	99	185	40153	112	13945	21577	42	67	849	31219	15203	11425	104431	7	33507	874	4305	43970	38934	159	1128	68852	49114	201	1745	11152	53269	83727	282	9869	15344	71	42	245	165	364	7	64	227	212	162	1	1	1	1	19990	428	1065	2343	373	64	66559	1215	64	90	29	7	244	64	140	276	1	1	1150	36	29	55051	59474	58477	13779	22855	38962	36799	29432	61569	25087	11682	40732	367	45	20852	121	36331	159	80584
d35ther116	181	27	23	1	62	214	80564	29357	18500	49528	21992	41940	1	10434	6621	50016	40901	329	12178	26822	36	40	43548	85093	8485	27612	37562	1	167	27	70	84	181	48318	32	14456	21238	23	32	1238	33438	20273	15480	75804	27	31611	499	2563	46004	37345	80	1207	71256	44953	198	2309	10025	56706	85713	97	5510	11890	40	40	185	97	184	14	319	123	163	106	1	1	1	1	15012	399	1197	2196	281	67	54445	132	18	40	14	10	320	89	141	114	10	18	697	36	1	57339	62887	55776	12550	26092	42647	39714	36806	59629	26893	8347	43617	486	53	17186	141	43066	67	83187
d35ther117	294	9	5	1	21	215	89700	32110	16236	48806	30338	39009	1	15361	2236	49275	40652	163	14545	28765	5	13	39170	61320	15525	27280	30097	13	349	33	223	132	314	38924	25	18737	26360	5	21	1128	31987	18024	21641	121087	65	33175	745	4783	39764	38350	100	487	64921	46428	128	2720	13566	58040	85820	76	6080	16212	13	112	331	72	164	1	53	406	49	61	1	1	1	1	27014	970	848	1680	258	200	63054	215	13	25	9	5	503	25	76	218	1	25	3256	21	9	54775	59567	53187	18421	22768	36829	34965	27709	55977	24414	12283	43992	899	33	32264	278	42900	41	78630
d35ther118	198	49	25	1	43	490	76311	28464	17958	46404	27588	40413	1	14295	5192	47999	36953	320	11760	29591	19	61	45159	68018	9779	23953	28356	1	186	16	159	61	207	38808	94	16709	22813	40	43	594	29777	19769	17280	96772	37	29832	765	2695	39518	38059	222	945	73112	42103	150	2290	11641	54524	93867	91	5480	11734	22	52	201	153	376	34	100	249	179	177	1	1	1	1	22741	591	792	1605	326	118	76697	1157	40	43	43	4	377	61	120	195	1	10	1264	13	19	57822	61641	57655	14231	25498	40298	37283	30714	60581	25613	12636	38075	666	73	23005	99	38043	135	78009
d35ther119	117	46	6	1	41	319	72595	26331	17496	47722	27854	37599	1	14540	3442	44721	34357	207	12313	23909	41	43	49453	74316	6252	22150	24204	1	112	28	115	38	131	41698	62	14161	19447	12	4	1101	26419	19281	14112	95129	100	28496	479	1147	36395	39873	89	628	69228	39295	113	2195	10307	46790	81018	139	8625	11381	25	57	178	86	256	1	41	180	110	126	1	1	1	1	22051	449	994	2375	231	78	55224	211	12	33	22	4	219	41	62	139	1	6	2059	25	12	56049	56884	54976	12138	26921	42824	34816	32379	57325	24535	9162	35300	456	46	15217	86	37405	96	73887
d35ther120	142	97	73	1	181	469	70218	26153	16090	46395	27041	36045	1	13464	7381	44956	32265	442	9859	21216	58	61	40411	59999	13168	24129	24473	22	109	16	55	46	52	48457	70	13469	19780	133	166	718	29642	14521	17185	86607	25	29713	367	1535	37051	34222	226	983	65740	36251	265	2318	8049	54682	75441	289	6269	8822	43	4	187	196	481	1	28	97	187	136	1	1	1	1	17807	64	451	1270	493	34	56348	31	124	82	49	40	97	37	40	64	1	1	1480	49	7	52236	58751	52424	14385	27378	38362	35507	29777	56631	24018	9238	36384	199	100	19171	34	37281	115	68573
d78ctrl181	8	12	1	10	3	372	51070	17223	7821	35661	15944	30441	1548	13864	11552	45343	5879	31	6530	15187	5	14	72612	58253	3481	20035	12225	12	46	10	10	10	1	81470	34	12422	23227	1	12	661	23898	16215	9574	57489	329	20566	12351	9248	29260	28278	25	674	101801	34974	68	7954	3871	61959	76302	64	2181	4416	8	17	72	10	115	68	338	27	43	28	969	667	864	1275	4436	64	341	1465	5162	1	54763	88	12	10	5	1	23	12	157	619	564	11154	896	8	3	89569	80691	78233	15628	40752	65923	54106	43932	93043	41667	8704	35688	1013	14	9766	3	35946	12	48216
d78ctrl182	7	1	1	30	1	941	26972	13572	10168	25350	15227	20069	1	11423	20828	27816	12366	29	3408	9052	1	1	63302	47401	8121	13019	11699	1	32	1	23	1	43	77486	4	3853	9420	1	1	378	16972	4823	2119	64316	641	15433	7071	7314	19699	42974	4	676	101378	22851	26	5016	1609	63805	99794	100	1838	3260	1	7	74	4	189	7	423	54	26	14	7	1	1	1	11968	74	1036	2169	2448	7	51105	7	1	1	7	1	14	7	74	230	191	6342	449	1	1	82736	88112	69181	12319	37867	58237	47389	47563	83327	37329	7622	37480	175	17	6296	1	23130	1	45029
d78ctrl183	1	9	6	9	6	833	33270	12446	8672	18115	13589	14559	11	11485	16198	26254	9157	177	5011	9931	11	29	51205	43052	6934	11128	12957	21	24	11	11	1	6	62339	9	5397	9708	16	1	1663	14556	6784	4837	62602	94	14314	9403	9043	15921	32965	81	469	78711	20225	252	6246	2546	51484	83783	129	1967	4800	44	6	289	59	197	9	318	133	109	80	1	6	1	1	8178	6	437	1911	2949	11	37585	54	6	9	9	4	9	21	67	204	222	8428	393	26	26	62219	69469	55751	8942	29638	48076	36610	37330	63912	28459	6154	31451	160	44	6187	1	21461	86	36742
d78ctrl184	33	9	1	31	1	313	38383	16493	10104	24592	16929	20224	6	13381	7328	29964	12808	64	4140	11074	12	6	53435	51805	8865	13202	14830	12	12	6	14	12	15	60925	4	5990	11310	1	12	426	17869	8171	5087	77175	256	16531	8617	10366	19197	30710	34	341	80344	24901	159	6227	3187	48951	88504	59	2211	4124	6	6	83	6	83	1	356	36	1	23	1	6	6	4	9878	61	185	825	3488	11	51846	64	1	1	1	1	20	6	159	606	625	8511	567	1	9	67519	79337	63592	11096	34049	52733	40351	43368	73013	30430	5537	27838	219	17	8642	1	25543	15	34988
d78ctrl185	11	1	1	1	1	283	45740	17799	10336	22672	16434	20989	113	11638	8468	32846	14322	61	9557	13365	1	14	53090	52939	8522	15271	14925	9	16	1	35	17	27	58929	11	8817	18825	17	6	398	18854	12165	6883	79523	586	16685	8697	8228	21453	32124	30	765	79857	26114	252	6414	3676	51171	86897	87	2409	8466	17	4	136	11	102	1	381	66	19	14	87	48	43	79	10104	58	311	1730	1846	9	44444	48	6	19	11	1	27	6	108	523	465	8253	838	4	1	67491	76702	60822	13447	33454	53246	37225	40998	70119	31679	8558	31217	190	14	13873	6	29216	25	39323
d78ctrl186	22	5	8	1	5	595	48056	19246	12220	27570	19705	22629	1	14620	5656	33958	17725	40	6283	17424	8	5	50464	65142	9001	18368	21569	1	12	1	5	1	8	52491	5	8189	13898	1	5	1416	22535	10508	6474	90166	282	20285	10708	10628	26368	32268	29	289	85245	32679	177	7883	4371	52812	94498	47	4065	5395	8	1	300	15	58	1	721	33	22	12	1	19	1	1	8786	5	968	2557	4356	1	63853	117	15	9	1	1	1	5	124	409	443	9553	408	19	5	65971	76627	63232	17204	33834	55055	42212	41307	71080	30785	4983	30597	174	12	9168	5	33589	5	42837
d78ctrl187	15	1	1	8	11	182	36846	15313	10713	26914	16453	21189	1	13608	9915	29568	9213	18	5258	11341	1	1	49421	52635	8778	14046	13596	1	17	4	24	24	63	54418	1	5138	10957	1	1	306	17148	6214	2554	73471	1048	14181	10593	10697	19853	27318	8	675	81717	24742	133	7207	2464	46962	86400	60	1921	5262	1	14	100	8	106	1	422	41	17	1	1	14	1	4	10228	83	637	2004	2962	8	50897	178	1	1	1	1	31	14	50	254	278	10131	748	1	1	65596	78886	58918	11103	33727	52285	39650	47858	69947	31889	4681	27028	133	11	8378	14	29107	8	31563
d78ctrl188	32	10	3	1	3	203	51318	17279	9803	35568	19544	29721	985	14829	8183	46821	10650	46	8232	19724	10	32	63191	56832	5399	19346	11486	10	25	5	37	14	35	65075	9	13275	22756	1	12	524	22782	21241	13672	62155	730	22515	9508	9140	28172	31675	30	1506	88082	33773	70	6876	5789	49794	88416	180	4073	7272	1	10	60	5	216	19	295	34	32	21	583	455	665	735	6906	133	357	1768	3226	9	56581	444	1	5	5	5	82	1	68	356	351	8893	1260	7	1	72135	76691	67332	18052	36809	59062	45537	37798	79674	34225	9150	38557	751	14	14084	23	38017	5	48588
d78ctrl189	88	34	7	16	40	1882	44725	16271	10702	24853	17062	18662	1	14170	7605	38248	10259	336	7952	14614	31	49	58112	66280	7613	17430	18279	16	118	19	106	37	85	60304	37	6949	13542	55	22	1098	23419	8410	4221	77248	1135	20074	15263	13369	24317	34189	117	1785	86511	30861	696	9769	2741	56723	89772	523	4260	6701	31	37	608	108	1022	13	739	150	171	79	1	1	4	1	8695	219	976	2458	4853	19	58882	19	1	40	25	13	180	7	49	184	142	12979	910	1	4	72193	79342	65749	17614	35691	57405	42658	41427	73451	32158	6026	33504	327	49	8789	82	33301	130	38979
d78ex1sub	29	5	9	1	1	206	31766	12922	10159	22750	16681	17748	1	9692	6069	23737	13070	73	5111	10917	5	17	39454	43226	4935	11424	11134	1	25	13	1	9	17	42331	1	5598	9590	17	13	526	14597	6784	4984	69062	254	13582	3610	3527	15873	31394	40	2128	64407	18013	91	2547	2650	35050	71642	159	3629	5651	9	5	128	17	230	1	93	41	17	9	1	21	1	1	10259	96	287	2181	1616	17	48492	48	9	5	17	1	17	17	9	29	9	3312	1830	17	1	47472	63243	48370	11082	24889	40012	32046	32542	54460	23012	3643	20861	218	25	7743	25	19759	17	31261
d78ex2sub	1	13	1	1	13	303	37559	16515	14848	35646	23648	29674	1	14841	4318	28209	16246	61	5413	12638	1	13	47207	58011	6378	14164	15969	1	73	1	1	1	1	53733	1	7752	10922	1	1	1340	18216	7979	7649	95226	942	17083	7097	7337	20720	36444	1	797	89419	24314	327	4694	4698	40272	91445	218	3341	4983	13	1	447	1	230	1	205	97	1	61	1	1	1	1	17665	134	1038	3680	1594	1	64879	97	1	25	1	1	1	1	37	122	49	6132	519	13	1	63306	77129	63131	14363	33564	53864	40684	39887	75441	29836	4066	23041	157	1	10211	25	24707	1	35366
d78ex3sub	21	9	1	1	1	268	39618	14458	11053	24788	19243	22265	1	14902	10347	33803	10816	21	8019	11184	3	5	55208	59607	4872	12659	17394	5	47	1	17	11	41	61591	5	5640	17409	5	5	836	17321	7861	3145	74743	137	15381	16547	15053	19296	33488	19	1605	86640	24755	69	10640	2402	55054	95708	111	3323	7538	5	5	183	13	177	21	159	63	25	9	1	9	1	1	13375	53	618	2347	4603	9	51929	91	9	15	5	3	29	3	13	19	15	14933	2022	1	1	70324	88909	65608	15010	36787	59250	43215	40458	72720	31890	6841	32550	147	5	6900	9	30716	17	39353
d78sub191	19	15	10	1	15	170	56643	23010	13149	33494	23523	26264	1	14446	7288	42922	19457	330	10186	20714	6	79	53037	66333	7804	20868	22235	6	19	28	19	1	33	52344	56	9827	20461	1	28	1270	26683	13495	8614	77674	88	24570	7242	8996	30843	37836	253	366	79476	34614	610	6015	4682	64744	92134	42	4649	9281	61	1	684	111	129	1	371	102	230	64	1	19	1	1	11850	33	538	2245	2863	10	57767	70	10	28	24	19	10	19	10	88	84	6069	870	47	10	68115	77051	63251	14971	33586	54033	40511	43247	72290	31983	9822	39021	234	93	14113	19	35847	148	56837
d78sub192	20	7	1	7	1	196	48156	18515	14480	33003	22948	26803	1	14796	4788	34982	21286	65	6381	19879	14	1	47533	58069	8262	15311	21846	1	39	1	7	26	14	54520	1	9952	15325	7	14	911	19633	12354	10019	96287	108	17609	6761	6375	23922	39105	26	1017	86857	27140	133	5017	4844	45030	91976	58	4285	6880	1	14	240	14	52	26	78	70	45	26	1	1	1	1	20692	51	2592	4975	1031	14	52696	57	14	1	14	1	58	14	32	64	14	5598	1144	14	1	66589	81829	65163	13045	35446	53513	39982	40926	71810	30383	7322	31502	502	14	13242	14	29310	33	45722
d78sub193	62	23	7	4	25	448	46199	17427	10832	28082	17157	21926	1	13980	6819	36980	15264	276	7342	15365	25	26	50706	53003	7809	14447	16102	13	56	11	46	30	77	54728	80	7202	14502	19	28	1350	19349	9724	5376	74688	38	19110	12621	13123	21403	35890	98	1431	79105	26135	203	8636	3622	56158	89035	227	3504	6853	59	7	255	86	420	11	147	103	85	87	1	43	4	1	12825	91	596	2247	4219	5	49214	59	20	41	35	25	66	56	12	19	27	11445	1505	43	2	64422	74868	60688	9390	32288	50782	36555	35439	67513	28926	7585	33499	249	65	11518	13	29936	128	41452
d78sub194	33	1	1	12	17	830	49128	17080	9289	22205	16051	18237	1	13644	6467	39422	13278	76	7871	14870	1	1	50342	61568	7103	15335	16041	12	93	6	28	12	34	50544	12	5707	15057	23	1	1087	20299	7161	3776	71140	28	19676	15029	17114	19788	30121	76	2132	70178	26812	34	10818	3035	58944	78185	55	4365	9072	1	6	129	1	136	1	130	76	33	1	1	44	1	1	11394	119	632	2723	7427	28	52923	1	23	6	1	1	65	1	12	17	66	15039	2422	1	1	59312	73111	55984	11143	30265	46942	37921	33274	62022	26714	6415	33343	218	17	8033	33	31907	33	41500
d78sub195	22	17	1	1	12	111	40041	14625	7841	22064	14286	19571	52	9414	7520	32111	12530	22	9320	14969	4	17	39865	50372	3891	15457	17838	1	6	1	6	4	6	41367	11	6664	18754	9	57	406	17868	9084	3517	62182	123	16174	5230	7618	21434	23124	12	854	60736	25023	22	4299	2699	50581	63944	46	2693	9257	6	12	47	9	95	38	105	11	19	28	12	52	22	22	8671	17	284	1210	2398	1	32659	87	6	17	9	6	25	1	15	22	48	5205	981	30	1	48490	58525	44268	7934	23713	39201	29157	36679	50528	23619	7264	29520	148	1	10224	6	27589	27	37064
d78sub196	61	21	27	12	15	478	43878	16802	6973	15316	11062	13443	523	10434	26462	39043	7887	32	5789	8695	7	21	60019	63849	4140	15214	16095	7	72	1	38	67	90	69839	16	4531	10505	7	7	1044	20915	6280	2892	69061	130	15983	14244	13438	22615	34108	24	980	91563	28163	93	9212	2161	72887	90075	75	4486	4768	18	15	121	52	150	1	315	50	61	18	266	169	286	361	13121	301	574	1826	7020	52	45407	10	7	16	10	10	138	16	44	104	81	12994	1440	1	1	73796	81614	63578	10601	32657	57014	44662	45488	73472	32918	11332	44512	344	7	5611	27	31782	21	49612
d78sub197	49	1	1	45	5	144	38496	15405	9343	22189	14948	19198	1	13672	8552	37671	11443	27	7172	13204	5	10	50714	63374	4643	14758	16313	5	14	1	3	1	10	53033	9	5756	14416	1	1	885	19059	8166	4486	74610	42	16998	15521	15573	20813	29202	16	1917	76397	25640	78	10555	2693	52599	81443	22	2509	5728	1	8	120	10	136	1	160	13	5	3	1	56	5	3	12004	54	1005	3640	4591	1	47817	23	1	12	1	1	30	18	14	27	29	14424	2324	1	1	62742	75367	58284	14036	32861	50942	37340	37159	65193	28742	6044	31540	151	3	7766	5	32713	7	38365
d78sub198	1	1	6	26	1	153	51505	21595	12524	33076	21670	24322	1	12307	6300	38634	23801	36	9221	18946	1	6	46234	58814	7195	19683	20993	1	11	4	31	6	20	44876	9	9778	17824	4	4	462	23779	11697	6112	79114	168	22167	6849	7304	30123	33467	12	575	68943	31750	209	6081	4564	56006	79031	53	4746	9469	4	1	140	17	86	1	151	28	12	1	1	48	1	1	15542	23	961	1873	1165	1	60476	217	1	4	15	1	26	1	12	42	64	5761	888	1	1	57295	65483	53973	11409	28785	45165	34022	33808	61627	26888	10002	36283	119	12	10949	6	34150	6	53371
d78sub199	21	4	4	1	8	129	38588	16662	15386	39700	25782	29267	1	15820	3697	30521	18218	30	4134	14787	1	14	45613	54471	6047	13595	21137	14	1	4	24	8	21	46225	8	7066	11778	1	14	726	18263	9343	6188	73215	398	17848	5607	6538	22074	32381	8	545	71574	25182	86	4377	4472	40310	83054	8	2924	3433	11	8	95	27	77	1	149	37	1	44	1	57	1	1	21475	73	481	1235	1382	11	72358	30	1	11	1	1	14	8	18	66	63	4965	370	24	1	54541	67138	55948	7595	30760	48656	36326	35680	64040	27518	7629	24267	152	4	7921	11	25693	24	40550
d78sub200	23	1	1	18	1	340	41815	16502	9270	20884	13172	19365	73	13149	9954	34122	10687	34	5800	10001	7	1	45151	57842	4277	16032	17072	31	18	1	10	18	18	47527	13	5208	12197	7	1	1127	20736	7426	3712	73377	84	17898	15742	13815	21810	27650	24	497	72503	27587	103	9726	1835	50723	77488	37	3223	5637	7	1	165	18	34	76	113	32	18	4	23	95	23	62	12353	23	1165	2411	6887	7	53980	1	9	7	7	1	21	7	16	24	40	14317	756	7	1	56339	70806	52874	14432	30411	45520	38199	39752	62932	26344	6373	29053	154	7	5902	7	30039	1	37336
d78ther201	83	55	9	16	39	201	50336	20494	12441	31367	21032	23691	1	12526	3944	34022	18970	437	7291	16600	42	85	46788	46739	8984	15304	19697	19	101	22	62	70	164	49097	95	8735	13742	60	70	676	21313	10685	6951	86352	141	20900	5653	6737	25355	32422	267	706	75663	28819	432	4537	4470	47670	87866	72	2579	6845	114	16	202	154	327	1	121	124	172	182	1	11	1	1	13352	134	592	1865	2501	12	76083	126	101	124	57	47	187	65	45	121	82	4791	1111	47	9	57331	73344	60017	14429	31159	47698	36222	38054	68882	28071	5988	26816	239	75	10895	14	27265	165	40743
d78ther202	325	273	103	1	266	1017	46874	16723	13593	35497	24130	23684	1	16391	5330	26834	14106	2455	6494	19349	378	455	41450	48716	10313	13337	13227	23	417	130	332	220	550	47601	485	8291	12901	260	309	1873	17707	9538	6482	78072	368	18307	7734	7822	21173	32087	1415	1605	71881	24799	1949	5407	6267	43712	81174	584	4111	7946	387	1	674	816	1794	1	374	683	1057	1112	1	20	1	1	18491	32	1292	3156	3569	4	60269	87	433	520	461	124	351	257	41	121	69	5065	1687	331	23	56000	66297	54115	11616	28073	43156	35201	37651	64365	25843	8738	25014	608	473	13164	20	23535	899	40622
d78ther203	73	16	1	1	27	581	47327	18986	12861	35257	22108	25255	1	15215	7737	31356	18582	149	7363	17959	22	27	47459	54961	7669	15132	17378	37	78	16	22	11	22	51059	57	9966	14862	16	32	856	18274	12120	7937	82859	216	17245	4890	4645	23418	30499	68	457	75940	26499	293	3724	5896	48710	83001	88	3273	5652	22	1	318	139	171	1	261	93	63	79	1	1	1	1	14688	47	954	2468	694	1	67814	93	1	47	32	1	6	1	37	67	32	3697	652	11	1	56627	70805	56403	10981	30189	44768	37652	38454	63959	27023	6449	25362	104	27	10807	1	26644	93	43194
d78ther204	165	147	74	11	203	1392	56671	21271	13842	35785	21808	26305	1	13793	6097	33824	19271	980	7507	18282	122	157	55490	55714	9986	15961	18116	19	225	39	134	77	241	58462	246	9056	14345	117	213	1485	20830	10837	6837	86180	120	22059	5662	6247	25184	36861	551	834	87619	29321	861	4681	6340	53242	95992	246	4788	7558	178	19	422	364	793	1	343	235	329	423	1	24	1	1	18217	130	1283	3126	2057	6	60522	157	160	168	125	94	189	67	14	98	44	4152	928	99	1	68996	74608	63741	12847	34956	52593	43582	45021	71650	31283	6010	29305	315	296	12780	26	29746	407	47647
d78ther205	1	19	1	13	13	7	33425	13596	14605	35464	22858	28529	1	16571	8071	27627	12241	116	3396	8453	13	31	51127	50520	8922	12074	13911	1	13	13	25	7	91	58682	25	4953	7749	13	1	691	14935	5991	3773	78968	406	13550	8536	8620	17478	32443	86	370	92485	18342	267	4839	2687	41804	94002	1	2217	2667	31	1	67	104	103	1	187	31	55	103	1	49	1	1	14637	67	388	1575	1657	1	53086	587	13	49	13	19	7	1	37	1	25	7001	786	1	1	65066	73904	60959	9669	37661	56573	39510	42802	73291	29375	3837	21020	187	31	6888	1	21523	19	29073
d78ther206	20	43	1	17	20	406	30937	12074	12163	27949	16074	22780	1	12568	6483	20987	9875	265	5786	12259	27	40	57267	39222	6426	9903	11942	1	59	1	24	10	50	64503	49	5726	9588	4	37	557	12772	6348	2974	68951	223	12367	6488	5045	15179	37937	123	482	91910	16972	712	4644	2446	41849	104006	56	1991	4421	37	7	375	121	182	1	355	91	59	88	1	62	1	1	12954	20	659	2296	1093	1	52136	59	27	65	46	24	17	17	43	173	114	4699	555	11	7	74496	93488	72166	7436	40601	57467	46704	54199	74881	34199	4053	19747	118	56	6676	14	20194	146	25792
d78ther207	24	24	17	11	40	746	38343	15425	15319	41571	25560	29804	1	15864	8378	22220	13685	131	6242	18004	32	40	44657	53229	7394	12333	13920	17	48	6	6	19	45	51401	35	7587	11218	14	27	1765	15571	7283	5368	87657	339	14979	796	1750	19572	35533	95	858	87218	20423	475	1843	3821	35694	91181	162	2466	5245	72	1	360	51	248	1	219	55	56	113	1	27	1	1	14572	11	2393	4384	369	4	59586	649	43	35	37	4	1	19	19	43	92	342	881	11	1	62866	69356	61169	12067	34114	49517	38783	42088	73307	28780	4007	20919	143	19	9559	4	20125	105	34335
d78ther208	32	1	4	8	18	93	43863	23185	14259	36302	25201	18513	1	13404	8368	31309	21295	165	6835	18766	1	8	49037	55391	6585	17835	20857	1	46	15	38	11	22	53696	11	8687	14394	1	18	376	24164	13126	9104	66209	196	23361	5339	6136	29508	31523	52	649	79020	31732	248	3579	4847	53125	87863	46	2805	7928	15	4	84	52	104	1	117	51	18	32	1	52	1	1	15813	80	777	1691	2351	15	75102	15	18	22	32	1	31	28	45	56	18	4900	977	8	1	60241	64715	58160	11704	31426	49683	36307	43148	67069	28386	11407	34488	145	32	11263	28	31018	35	54920
d78ther209	87	34	4	4	28	269	44517	17320	10222	26114	16034	21307	1	11866	8440	32165	13504	290	7594	13847	39	78	43546	49615	6543	13980	18297	7	78	22	116	66	119	49120	93	6778	12806	25	60	677	19414	8087	4156	56606	134	19031	8070	7709	21721	30929	176	985	72807	24594	283	5585	3180	51895	79370	93	1750	7721	54	45	197	66	312	7	326	131	132	125	1	7	1	1	10415	149	320	1848	2942	22	52132	81	60	75	37	22	163	39	25	58	57	7138	1422	52	1	56766	65437	53471	8814	29163	44515	34989	37166	61274	27232	5852	27770	224	60	9697	22	26987	158	38612
d78ther210	84	11	4	1	9	156	44012	16629	10248	27575	16715	19674	1	13571	6307	31499	10476	117	6929	13843	11	6	46238	52041	6962	14702	17535	1	84	22	50	56	91	47089	22	6722	13203	14	27	757	20081	8349	5402	58480	58	18137	9396	9944	21294	30866	50	639	75346	24676	318	6040	3952	48743	78382	35	2948	8065	14	32	262	42	93	6	346	78	34	40	1	22	1	1	11814	316	466	1598	2557	66	51096	114	37	22	19	4	150	11	19	35	43	7667	930	14	6	57347	66257	54251	7467	28907	46150	35647	41039	63269	27668	5513	28142	211	11	7804	68	27034	55	39507